,en,es,ar,cs,de,id,ko,ja,lv,nl,it
0,"Score(precision=0.8856088560885609, recall=0.916030534351145, fmeasure=0.900562851782364)","Score(precision=0.8782287822878229, recall=0.8814814814814815, fmeasure=0.879852125693161)","Score(precision=0.8302583025830258, recall=0.8928571428571429, fmeasure=0.8604206500956022)","Score(precision=0.8634686346863468, recall=0.9, fmeasure=0.8813559322033898)","Score(precision=0.8819188191881919, recall=0.8851851851851852, fmeasure=0.8835489833641406)","Score(precision=0.8745387453874539, recall=0.9011406844106464, fmeasure=0.8876404494382022)","Score(precision=0.7749077490774908, recall=0.8467741935483871, fmeasure=0.8092485549132948)","Score(precision=0.8487084870848709, recall=0.8949416342412452, fmeasure=0.8712121212121212)","Score(precision=0.8819188191881919, recall=0.9192307692307692, fmeasure=0.9001883239171373)","Score(precision=0.8819188191881919, recall=0.8951310861423221, fmeasure=0.8884758364312269)",
1,"Score(precision=0.8450704225352113, recall=0.8955223880597015, fmeasure=0.8695652173913043)","Score(precision=0.852112676056338, recall=0.8705035971223022, fmeasure=0.8612099644128114)","Score(precision=0.8169014084507042, recall=0.8992248062015504, fmeasure=0.8560885608856088)","Score(precision=0.8661971830985915, recall=0.8482758620689655, fmeasure=0.8571428571428571)","Score(precision=0.8309859154929577, recall=0.8428571428571429, fmeasure=0.8368794326241136)","Score(precision=0.795774647887324, recall=0.795774647887324, fmeasure=0.795774647887324)","Score(precision=0.6830985915492958, recall=0.8434782608695652, fmeasure=0.754863813229572)","Score(precision=0.8591549295774648, recall=0.9037037037037037, fmeasure=0.8808664259927798)","Score(precision=0.8450704225352113, recall=0.9090909090909091, fmeasure=0.8759124087591241)","Score(precision=0.8873239436619719, recall=0.9264705882352942, fmeasure=0.906474820143885)",
2,"Score(precision=0.8571428571428571, recall=0.9204545454545454, fmeasure=0.8876712328767122)","Score(precision=0.7936507936507936, recall=0.8152173913043478, fmeasure=0.8042895442359249)","Score(precision=0.8465608465608465, recall=0.8839779005524862, fmeasure=0.8648648648648649)","Score(precision=0.8095238095238095, recall=0.7846153846153846, fmeasure=0.7968749999999999)","Score(precision=0.8624338624338624, recall=0.8956043956043956, fmeasure=0.8787061994609164)","Score(precision=0.8148148148148148, recall=0.8555555555555555, fmeasure=0.8346883468834688)","Score(precision=0.6984126984126984, recall=0.7135135135135136, fmeasure=0.7058823529411764)","Score(precision=0.8412698412698413, recall=0.8833333333333333, fmeasure=0.8617886178861788)","Score(precision=0.8677248677248677, recall=0.9213483146067416, fmeasure=0.8937329700272479)","Score(precision=0.8571428571428571, recall=0.9152542372881356, fmeasure=0.8852459016393444)",
3,"Score(precision=0.8405797101449275, recall=0.8285714285714286, fmeasure=0.8345323741007195)","Score(precision=0.8405797101449275, recall=0.8529411764705882, fmeasure=0.8467153284671534)","Score(precision=0.855072463768116, recall=0.8939393939393939, fmeasure=0.8740740740740741)","Score(precision=0.8985507246376812, recall=0.9253731343283582, fmeasure=0.9117647058823529)","Score(precision=0.9130434782608695, recall=0.9, fmeasure=0.9064748201438848)","Score(precision=0.7391304347826086, recall=0.7727272727272727, fmeasure=0.7555555555555555)","Score(precision=0.7536231884057971, recall=0.8387096774193549, fmeasure=0.7938931297709925)","Score(precision=0.8695652173913043, recall=0.9090909090909091, fmeasure=0.888888888888889)","Score(precision=0.855072463768116, recall=0.9365079365079365, fmeasure=0.8939393939393939)","Score(precision=0.9130434782608695, recall=0.9130434782608695, fmeasure=0.9130434782608695)",
4,"Score(precision=0.8541666666666666, recall=0.8848920863309353, fmeasure=0.8692579505300353)","Score(precision=0.8680555555555556, recall=0.8620689655172413, fmeasure=0.8650519031141869)","Score(precision=0.8541666666666666, recall=0.8367346938775511, fmeasure=0.845360824742268)","Score(precision=0.8888888888888888, recall=0.9014084507042254, fmeasure=0.8951048951048951)","Score(precision=0.8611111111111112, recall=0.8551724137931035, fmeasure=0.8581314878892734)","Score(precision=0.8402777777777778, recall=0.8581560283687943, fmeasure=0.8491228070175437)","Score(precision=0.7916666666666666, recall=0.8260869565217391, fmeasure=0.8085106382978724)","Score(precision=0.8263888888888888, recall=0.8263888888888888, fmeasure=0.8263888888888888)","Score(precision=0.8819444444444444, recall=0.9136690647482014, fmeasure=0.8975265017667845)","Score(precision=0.8888888888888888, recall=0.8951048951048951, fmeasure=0.8919860627177701)",
5,"Score(precision=0.8512396694214877, recall=0.9196428571428571, fmeasure=0.8841201716738197)","Score(precision=0.7933884297520661, recall=0.8888888888888888, fmeasure=0.8384279475982533)","Score(precision=0.8347107438016529, recall=0.8632478632478633, fmeasure=0.8487394957983193)","Score(precision=0.8181818181818182, recall=0.8918918918918919, fmeasure=0.853448275862069)","Score(precision=0.8842975206611571, recall=0.8699186991869918, fmeasure=0.8770491803278687)","Score(precision=0.8429752066115702, recall=0.8292682926829268, fmeasure=0.8360655737704918)","Score(precision=0.6115702479338843, recall=0.7789473684210526, fmeasure=0.6851851851851851)","Score(precision=0.8264462809917356, recall=0.8849557522123894, fmeasure=0.8547008547008548)","Score(precision=0.8347107438016529, recall=0.926605504587156, fmeasure=0.8782608695652173)","Score(precision=0.8512396694214877, recall=0.9363636363636364, fmeasure=0.8917748917748918)",
6,"Score(precision=0.8709677419354839, recall=0.8571428571428571, fmeasure=0.864)","Score(precision=0.8709677419354839, recall=0.8852459016393442, fmeasure=0.8780487804878049)","Score(precision=0.9193548387096774, recall=0.8507462686567164, fmeasure=0.883720930232558)","Score(precision=0.8709677419354839, recall=0.7605633802816901, fmeasure=0.8120300751879699)","Score(precision=0.9354838709677419, recall=0.9354838709677419, fmeasure=0.9354838709677419)","Score(precision=0.8064516129032258, recall=0.7692307692307693, fmeasure=0.7874015748031495)","Score(precision=0.8064516129032258, recall=0.746268656716418, fmeasure=0.7751937984496124)","Score(precision=0.8870967741935484, recall=0.9166666666666666, fmeasure=0.9016393442622951)","Score(precision=0.8064516129032258, recall=0.8620689655172413, fmeasure=0.8333333333333334)","Score(precision=0.967741935483871, recall=0.9375, fmeasure=0.9523809523809523)",
7,"Score(precision=0.8732394366197183, recall=0.8985507246376812, fmeasure=0.8857142857142857)","Score(precision=0.8591549295774648, recall=0.8356164383561644, fmeasure=0.8472222222222222)","Score(precision=0.8873239436619719, recall=0.8513513513513513, fmeasure=0.8689655172413793)","Score(precision=0.8732394366197183, recall=0.8985507246376812, fmeasure=0.8857142857142857)","Score(precision=0.9577464788732394, recall=0.9315068493150684, fmeasure=0.9444444444444444)","Score(precision=0.8028169014084507, recall=0.7808219178082192, fmeasure=0.7916666666666666)","Score(precision=0.7746478873239436, recall=0.7746478873239436, fmeasure=0.7746478873239436)","Score(precision=0.8591549295774648, recall=0.8026315789473685, fmeasure=0.8299319727891157)","Score(precision=0.8169014084507042, recall=0.8285714285714286, fmeasure=0.822695035460993)","Score(precision=0.971830985915493, recall=0.92, fmeasure=0.9452054794520549)",
8,"Score(precision=0.8414634146341463, recall=0.8734177215189873, fmeasure=0.857142857142857)","Score(precision=0.8414634146341463, recall=0.8846153846153846, fmeasure=0.8625)","Score(precision=0.8902439024390244, recall=0.8690476190476191, fmeasure=0.8795180722891567)","Score(precision=0.9024390243902439, recall=0.8409090909090909, fmeasure=0.8705882352941177)","Score(precision=0.8658536585365854, recall=0.9102564102564102, fmeasure=0.8875000000000001)","Score(precision=0.7804878048780488, recall=0.8533333333333334, fmeasure=0.8152866242038218)","Score(precision=0.8170731707317073, recall=0.8481012658227848, fmeasure=0.8322981366459627)","Score(precision=0.8902439024390244, recall=0.8488372093023255, fmeasure=0.8690476190476191)","Score(precision=0.8780487804878049, recall=0.9113924050632911, fmeasure=0.8944099378881988)","Score(precision=0.9390243902439024, recall=0.9625, fmeasure=0.9506172839506174)",
9,"Score(precision=0.8481012658227848, recall=0.8701298701298701, fmeasure=0.8589743589743589)","Score(precision=0.8734177215189873, recall=0.8961038961038961, fmeasure=0.8846153846153846)","Score(precision=0.8860759493670886, recall=0.8860759493670886, fmeasure=0.8860759493670886)","Score(precision=0.8607594936708861, recall=0.9066666666666666, fmeasure=0.8831168831168831)","Score(precision=0.8607594936708861, recall=0.918918918918919, fmeasure=0.8888888888888888)","Score(precision=0.8227848101265823, recall=0.8227848101265823, fmeasure=0.8227848101265823)","Score(precision=0.8227848101265823, recall=0.8666666666666667, fmeasure=0.8441558441558442)","Score(precision=0.8227848101265823, recall=0.8904109589041096, fmeasure=0.855263157894737)","Score(precision=0.8354430379746836, recall=0.8918918918918919, fmeasure=0.8627450980392156)","Score(precision=0.8860759493670886, recall=0.8860759493670886, fmeasure=0.8860759493670886)",
10,"Score(precision=0.7654320987654321, recall=0.8378378378378378, fmeasure=0.8)","Score(precision=0.8518518518518519, recall=0.8625, fmeasure=0.8571428571428572)","Score(precision=0.9012345679012346, recall=0.8690476190476191, fmeasure=0.8848484848484849)","Score(precision=0.8765432098765432, recall=0.8875, fmeasure=0.8819875776397514)","Score(precision=0.8518518518518519, recall=0.8846153846153846, fmeasure=0.8679245283018868)","Score(precision=0.7407407407407407, recall=0.821917808219178, fmeasure=0.7792207792207793)","Score(precision=0.654320987654321, recall=0.7571428571428571, fmeasure=0.7019867549668874)","Score(precision=0.8518518518518519, recall=0.8846153846153846, fmeasure=0.8679245283018868)","Score(precision=0.8148148148148148, recall=0.8571428571428571, fmeasure=0.8354430379746836)","Score(precision=0.8518518518518519, recall=0.92, fmeasure=0.8846153846153846)",
11,"Score(precision=0.816, recall=0.9107142857142857, fmeasure=0.8607594936708861)","Score(precision=0.784, recall=0.8828828828828829, fmeasure=0.8305084745762712)","Score(precision=0.856, recall=0.8842975206611571, fmeasure=0.8699186991869919)","Score(precision=0.832, recall=0.8387096774193549, fmeasure=0.8353413654618473)","Score(precision=0.904, recall=0.9186991869918699, fmeasure=0.9112903225806451)","Score(precision=0.744, recall=0.7948717948717948, fmeasure=0.768595041322314)","Score(precision=0.736, recall=0.773109243697479, fmeasure=0.7540983606557377)","Score(precision=0.8, recall=0.8403361344537815, fmeasure=0.8196721311475411)","Score(precision=0.912, recall=0.9193548387096774, fmeasure=0.9156626506024096)","Score(precision=0.928, recall=0.928, fmeasure=0.928)",
12,"Score(precision=0.7027027027027027, recall=0.7878787878787878, fmeasure=0.7428571428571429)","Score(precision=0.8783783783783784, recall=0.8333333333333334, fmeasure=0.855263157894737)","Score(precision=0.7837837837837838, recall=0.8923076923076924, fmeasure=0.8345323741007195)","Score(precision=0.7837837837837838, recall=0.8787878787878788, fmeasure=0.8285714285714285)","Score(precision=0.8783783783783784, recall=0.8333333333333334, fmeasure=0.855263157894737)","Score(precision=0.8378378378378378, recall=0.8493150684931506, fmeasure=0.8435374149659863)","Score(precision=0.5945945945945946, recall=0.7857142857142857, fmeasure=0.676923076923077)","Score(precision=0.6891891891891891, recall=0.8095238095238095, fmeasure=0.7445255474452555)","Score(precision=0.7162162162162162, recall=0.828125, fmeasure=0.7681159420289855)","Score(precision=0.7972972972972973, recall=0.9076923076923077, fmeasure=0.8489208633093526)",
13,"Score(precision=0.918918918918919, recall=0.9315068493150684, fmeasure=0.9251700680272108)","Score(precision=0.9054054054054054, recall=0.9054054054054054, fmeasure=0.9054054054054054)","Score(precision=0.8783783783783784, recall=0.8666666666666667, fmeasure=0.87248322147651)","Score(precision=0.8648648648648649, recall=0.9014084507042254, fmeasure=0.8827586206896552)","Score(precision=0.918918918918919, recall=0.9315068493150684, fmeasure=0.9251700680272108)","Score(precision=0.8783783783783784, recall=0.9154929577464789, fmeasure=0.896551724137931)","Score(precision=0.8783783783783784, recall=0.8904109589041096, fmeasure=0.8843537414965986)","Score(precision=0.9324324324324325, recall=0.9583333333333334, fmeasure=0.9452054794520548)","Score(precision=0.918918918918919, recall=0.9315068493150684, fmeasure=0.9251700680272108)","Score(precision=0.8918918918918919, recall=0.9041095890410958, fmeasure=0.8979591836734694)",
14,"Score(precision=0.84251968503937, recall=0.8991596638655462, fmeasure=0.8699186991869918)","Score(precision=0.8188976377952756, recall=0.896551724137931, fmeasure=0.8559670781893004)","Score(precision=0.8031496062992126, recall=0.8869565217391304, fmeasure=0.8429752066115702)","Score(precision=0.8503937007874016, recall=0.9, fmeasure=0.874493927125506)","Score(precision=0.84251968503937, recall=0.9224137931034483, fmeasure=0.8806584362139918)","Score(precision=0.7165354330708661, recall=0.8348623853211009, fmeasure=0.771186440677966)","Score(precision=0.7165354330708661, recall=0.875, fmeasure=0.7878787878787878)","Score(precision=0.8818897637795275, recall=0.875, fmeasure=0.8784313725490196)","Score(precision=0.7952755905511811, recall=0.9099099099099099, fmeasure=0.8487394957983194)","Score(precision=0.8740157480314961, recall=0.9173553719008265, fmeasure=0.8951612903225807)",
15,"Score(precision=0.8780487804878049, recall=0.9230769230769231, fmeasure=0.9)","Score(precision=0.8048780487804879, recall=0.7674418604651163, fmeasure=0.7857142857142858)","Score(precision=0.8780487804878049, recall=0.8372093023255814, fmeasure=0.8571428571428572)","Score(precision=0.8780487804878049, recall=0.8181818181818182, fmeasure=0.8470588235294119)","Score(precision=0.7560975609756098, recall=0.8611111111111112, fmeasure=0.8051948051948052)","Score(precision=0.7804878048780488, recall=0.8205128205128205, fmeasure=0.8)","Score(precision=0.7804878048780488, recall=0.8, fmeasure=0.7901234567901235)","Score(precision=0.7560975609756098, recall=0.7948717948717948, fmeasure=0.7749999999999999)","Score(precision=0.8780487804878049, recall=0.8571428571428571, fmeasure=0.8674698795180722)","Score(precision=0.8292682926829268, recall=0.918918918918919, fmeasure=0.8717948717948718)",
16,"Score(precision=0.8854166666666666, recall=0.9042553191489362, fmeasure=0.8947368421052632)","Score(precision=0.8541666666666666, recall=0.82, fmeasure=0.836734693877551)","Score(precision=0.90625, recall=0.9354838709677419, fmeasure=0.9206349206349206)","Score(precision=0.8645833333333334, recall=0.9431818181818182, fmeasure=0.9021739130434783)","Score(precision=0.9479166666666666, recall=0.883495145631068, fmeasure=0.9145728643216081)","Score(precision=0.8125, recall=0.8478260869565217, fmeasure=0.8297872340425533)","Score(precision=0.7291666666666666, recall=0.7954545454545454, fmeasure=0.7608695652173914)","Score(precision=0.8333333333333334, recall=0.8888888888888888, fmeasure=0.8602150537634408)","Score(precision=0.8333333333333334, recall=0.898876404494382, fmeasure=0.8648648648648649)","Score(precision=0.8333333333333334, recall=0.8602150537634409, fmeasure=0.8465608465608465)",
17,"Score(precision=0.9225806451612903, recall=0.9470198675496688, fmeasure=0.934640522875817)","Score(precision=0.9225806451612903, recall=0.9533333333333334, fmeasure=0.9377049180327869)","Score(precision=0.8451612903225807, recall=0.7705882352941177, fmeasure=0.8061538461538462)","Score(precision=0.9290322580645162, recall=0.9, fmeasure=0.9142857142857143)","Score(precision=0.864516129032258, recall=0.8481012658227848, fmeasure=0.8562300319488818)","Score(precision=0.8774193548387097, recall=0.8831168831168831, fmeasure=0.8802588996763754)","Score(precision=0.8193548387096774, recall=0.8410596026490066, fmeasure=0.8300653594771241)","Score(precision=0.8709677419354839, recall=0.8333333333333334, fmeasure=0.8517350157728707)","Score(precision=0.896774193548387, recall=0.9144736842105263, fmeasure=0.9055374592833876)","Score(precision=0.9354838709677419, recall=0.9235668789808917, fmeasure=0.9294871794871794)",
18,"Score(precision=0.8367346938775511, recall=0.8723404255319149, fmeasure=0.8541666666666667)","Score(precision=0.8163265306122449, recall=0.9090909090909091, fmeasure=0.8602150537634408)","Score(precision=0.8775510204081632, recall=0.9148936170212766, fmeasure=0.8958333333333333)","Score(precision=0.8571428571428571, recall=0.9130434782608695, fmeasure=0.8842105263157894)","Score(precision=0.9795918367346939, recall=0.96, fmeasure=0.9696969696969697)","Score(precision=0.6326530612244898, recall=0.7948717948717948, fmeasure=0.7045454545454547)","Score(precision=0.7142857142857143, recall=0.813953488372093, fmeasure=0.7608695652173914)","Score(precision=0.7142857142857143, recall=0.875, fmeasure=0.7865168539325842)","Score(precision=0.7551020408163265, recall=0.74, fmeasure=0.7474747474747474)","Score(precision=0.9387755102040817, recall=0.92, fmeasure=0.9292929292929293)",
19,"Score(precision=0.8983050847457628, recall=0.8983050847457628, fmeasure=0.8983050847457628)","Score(precision=0.847457627118644, recall=0.8771929824561403, fmeasure=0.8620689655172413)","Score(precision=0.8813559322033898, recall=0.9122807017543859, fmeasure=0.8965517241379309)","Score(precision=0.8305084745762712, recall=0.7903225806451613, fmeasure=0.8099173553719008)","Score(precision=0.9152542372881356, recall=0.9152542372881356, fmeasure=0.9152542372881356)","Score(precision=0.7288135593220338, recall=0.7962962962962963, fmeasure=0.7610619469026549)","Score(precision=0.6101694915254238, recall=0.7058823529411765, fmeasure=0.6545454545454547)","Score(precision=0.9152542372881356, recall=0.8709677419354839, fmeasure=0.8925619834710744)","Score(precision=0.8135593220338984, recall=0.8888888888888888, fmeasure=0.8495575221238938)","Score(precision=0.7966101694915254, recall=0.8545454545454545, fmeasure=0.8245614035087718)",
20,"Score(precision=0.8695652173913043, recall=0.9174311926605505, fmeasure=0.8928571428571428)","Score(precision=0.8608695652173913, recall=0.8839285714285714, fmeasure=0.8722466960352422)","Score(precision=0.8260869565217391, recall=0.8482142857142857, fmeasure=0.8370044052863437)","Score(precision=0.8782608695652174, recall=0.8782608695652174, fmeasure=0.8782608695652175)","Score(precision=0.9217391304347826, recall=0.9217391304347826, fmeasure=0.9217391304347826)","Score(precision=0.8347826086956521, recall=0.8347826086956521, fmeasure=0.8347826086956521)","Score(precision=0.6869565217391305, recall=0.8315789473684211, fmeasure=0.7523809523809524)","Score(precision=0.7913043478260869, recall=0.875, fmeasure=0.8310502283105022)","Score(precision=0.8347826086956521, recall=0.8807339449541285, fmeasure=0.857142857142857)","Score(precision=0.8347826086956521, recall=0.897196261682243, fmeasure=0.8648648648648648)",
21,"Score(precision=0.8827586206896552, recall=0.9481481481481482, fmeasure=0.9142857142857144)","Score(precision=0.8551724137931035, recall=0.8920863309352518, fmeasure=0.8732394366197184)","Score(precision=0.8344827586206897, recall=0.9097744360902256, fmeasure=0.8705035971223022)","Score(precision=0.8758620689655172, recall=0.8819444444444444, fmeasure=0.8788927335640138)","Score(precision=0.8827586206896552, recall=0.9343065693430657, fmeasure=0.9078014184397163)","Score(precision=0.8275862068965517, recall=0.8163265306122449, fmeasure=0.8219178082191781)","Score(precision=0.7931034482758621, recall=0.8712121212121212, fmeasure=0.8303249097472925)","Score(precision=0.8137931034482758, recall=0.8939393939393939, fmeasure=0.8519855595667869)","Score(precision=0.8551724137931035, recall=0.8985507246376812, fmeasure=0.8763250883392227)","Score(precision=0.9103448275862069, recall=0.9496402877697842, fmeasure=0.9295774647887325)",
22,"Score(precision=0.940677966101695, recall=0.9736842105263158, fmeasure=0.956896551724138)","Score(precision=0.923728813559322, recall=0.923728813559322, fmeasure=0.923728813559322)","Score(precision=0.8559322033898306, recall=0.8859649122807017, fmeasure=0.8706896551724138)","Score(precision=0.8559322033898306, recall=0.8859649122807017, fmeasure=0.8706896551724138)","Score(precision=0.940677966101695, recall=0.9568965517241379, fmeasure=0.9487179487179486)","Score(precision=0.8305084745762712, recall=0.8521739130434782, fmeasure=0.8412017167381974)","Score(precision=0.8135593220338984, recall=0.8807339449541285, fmeasure=0.8458149779735683)","Score(precision=0.9067796610169492, recall=0.9469026548672567, fmeasure=0.9264069264069263)","Score(precision=0.8813559322033898, recall=0.8888888888888888, fmeasure=0.8851063829787235)","Score(precision=0.940677966101695, recall=0.9487179487179487, fmeasure=0.9446808510638298)",
23,"Score(precision=0.8627450980392157, recall=0.8148148148148148, fmeasure=0.838095238095238)","Score(precision=0.8627450980392157, recall=0.8461538461538461, fmeasure=0.854368932038835)","Score(precision=0.7941176470588235, recall=0.8709677419354839, fmeasure=0.8307692307692308)","Score(precision=0.8333333333333334, recall=0.9239130434782609, fmeasure=0.8762886597938144)","Score(precision=0.8921568627450981, recall=0.9285714285714286, fmeasure=0.9099999999999999)","Score(precision=0.8333333333333334, recall=0.8854166666666666, fmeasure=0.8585858585858586)","Score(precision=0.8431372549019608, recall=0.8775510204081632, fmeasure=0.86)","Score(precision=0.8431372549019608, recall=0.9347826086956522, fmeasure=0.8865979381443299)","Score(precision=0.7941176470588235, recall=0.8709677419354839, fmeasure=0.8307692307692308)","Score(precision=0.8333333333333334, recall=0.85, fmeasure=0.8415841584158417)",
24,"Score(precision=0.8125, recall=0.896551724137931, fmeasure=0.8524590163934426)","Score(precision=0.8958333333333334, recall=0.8958333333333334, fmeasure=0.8958333333333334)","Score(precision=0.8229166666666666, recall=0.8144329896907216, fmeasure=0.8186528497409326)","Score(precision=0.8125, recall=0.8297872340425532, fmeasure=0.8210526315789474)","Score(precision=0.8854166666666666, recall=0.9042553191489362, fmeasure=0.8947368421052632)","Score(precision=0.6458333333333334, recall=0.8051948051948052, fmeasure=0.7167630057803468)","Score(precision=0.6666666666666666, recall=0.7901234567901234, fmeasure=0.7231638418079096)","Score(precision=0.78125, recall=0.8152173913043478, fmeasure=0.797872340425532)","Score(precision=0.7916666666666666, recall=0.8444444444444444, fmeasure=0.8172043010752689)","Score(precision=0.8854166666666666, recall=0.9444444444444444, fmeasure=0.9139784946236558)",
25,"Score(precision=0.7941176470588235, recall=0.8350515463917526, fmeasure=0.8140703517587939)","Score(precision=0.8137254901960784, recall=0.8469387755102041, fmeasure=0.8300000000000002)","Score(precision=0.8137254901960784, recall=0.8217821782178217, fmeasure=0.8177339901477833)","Score(precision=0.7843137254901961, recall=0.8602150537634409, fmeasure=0.8205128205128205)","Score(precision=0.7941176470588235, recall=0.8350515463917526, fmeasure=0.8140703517587939)","Score(precision=0.7549019607843137, recall=0.7857142857142857, fmeasure=0.7700000000000001)","Score(precision=0.6666666666666666, recall=0.7555555555555555, fmeasure=0.7083333333333334)","Score(precision=0.7745098039215687, recall=0.797979797979798, fmeasure=0.7860696517412936)","Score(precision=0.7745098039215687, recall=0.8061224489795918, fmeasure=0.79)","Score(precision=0.8529411764705882, recall=0.8787878787878788, fmeasure=0.8656716417910447)",
26,"Score(precision=0.8979591836734694, recall=0.9072164948453608, fmeasure=0.9025641025641026)","Score(precision=0.8775510204081632, recall=0.86, fmeasure=0.8686868686868686)","Score(precision=0.9183673469387755, recall=0.9278350515463918, fmeasure=0.923076923076923)","Score(precision=0.826530612244898, recall=0.84375, fmeasure=0.8350515463917526)","Score(precision=0.8877551020408163, recall=0.90625, fmeasure=0.8969072164948454)","Score(precision=0.8571428571428571, recall=0.8484848484848485, fmeasure=0.8527918781725888)","Score(precision=0.7448979591836735, recall=0.8588235294117647, fmeasure=0.7978142076502733)","Score(precision=0.8877551020408163, recall=0.8787878787878788, fmeasure=0.8832487309644671)","Score(precision=0.8367346938775511, recall=0.9111111111111111, fmeasure=0.8723404255319148)","Score(precision=0.8877551020408163, recall=0.8969072164948454, fmeasure=0.8923076923076922)",
27,"Score(precision=0.9333333333333333, recall=0.8076923076923077, fmeasure=0.8659793814432989)","Score(precision=0.8666666666666667, recall=0.75, fmeasure=0.8041237113402062)","Score(precision=0.9333333333333333, recall=0.8936170212765957, fmeasure=0.9130434782608695)","Score(precision=0.8888888888888888, recall=0.7843137254901961, fmeasure=0.8333333333333334)","Score(precision=0.9333333333333333, recall=0.9767441860465116, fmeasure=0.9545454545454545)","Score(precision=0.8444444444444444, recall=0.7307692307692307, fmeasure=0.7835051546391751)","Score(precision=0.9333333333333333, recall=0.8076923076923077, fmeasure=0.8659793814432989)","Score(precision=0.9555555555555556, recall=0.8775510204081632, fmeasure=0.9148936170212767)","Score(precision=1.0, recall=0.9782608695652174, fmeasure=0.989010989010989)","Score(precision=0.9333333333333333, recall=0.8076923076923077, fmeasure=0.8659793814432989)",
28,"Score(precision=0.9263157894736842, recall=0.8, fmeasure=0.8585365853658536)","Score(precision=0.9157894736842105, recall=0.9886363636363636, fmeasure=0.9508196721311476)","Score(precision=0.8421052631578947, recall=0.8888888888888888, fmeasure=0.8648648648648649)","Score(precision=0.8421052631578947, recall=0.8791208791208791, fmeasure=0.8602150537634409)","Score(precision=0.9263157894736842, recall=0.9361702127659575, fmeasure=0.9312169312169313)","Score(precision=0.8421052631578947, recall=0.851063829787234, fmeasure=0.8465608465608466)","Score(precision=0.7473684210526316, recall=0.8875, fmeasure=0.8114285714285715)","Score(precision=0.7684210526315789, recall=0.8902439024390244, fmeasure=0.8248587570621468)","Score(precision=0.8736842105263158, recall=0.9120879120879121, fmeasure=0.8924731182795699)","Score(precision=0.968421052631579, recall=0.9787234042553191, fmeasure=0.9735449735449735)",
29,"Score(precision=0.9043478260869565, recall=0.9043478260869565, fmeasure=0.9043478260869565)","Score(precision=0.8, recall=0.8846153846153846, fmeasure=0.8401826484018265)","Score(precision=0.8782608695652174, recall=0.8559322033898306, fmeasure=0.8669527896995708)","Score(precision=0.8347826086956521, recall=0.897196261682243, fmeasure=0.8648648648648648)","Score(precision=0.9043478260869565, recall=0.9369369369369369, fmeasure=0.9203539823008849)","Score(precision=0.7652173913043478, recall=0.8712871287128713, fmeasure=0.8148148148148149)","Score(precision=0.7739130434782608, recall=0.839622641509434, fmeasure=0.8054298642533937)","Score(precision=0.8782608695652174, recall=0.8559322033898306, fmeasure=0.8669527896995708)","Score(precision=0.8956521739130435, recall=0.9363636363636364, fmeasure=0.9155555555555557)","Score(precision=0.8608695652173913, recall=0.908256880733945, fmeasure=0.8839285714285715)",
30,"Score(precision=0.8958333333333334, recall=0.9052631578947369, fmeasure=0.900523560209424)","Score(precision=0.8541666666666666, recall=0.9425287356321839, fmeasure=0.8961748633879782)","Score(precision=0.8958333333333334, recall=0.9148936170212766, fmeasure=0.9052631578947369)","Score(precision=0.8958333333333334, recall=0.9247311827956989, fmeasure=0.9100529100529101)","Score(precision=0.90625, recall=0.90625, fmeasure=0.90625)","Score(precision=0.8333333333333334, recall=0.898876404494382, fmeasure=0.8648648648648649)","Score(precision=0.8854166666666666, recall=0.9239130434782609, fmeasure=0.9042553191489361)","Score(precision=0.8854166666666666, recall=0.9340659340659341, fmeasure=0.909090909090909)","Score(precision=0.8333333333333334, recall=0.8791208791208791, fmeasure=0.8556149732620321)","Score(precision=0.90625, recall=0.925531914893617, fmeasure=0.9157894736842105)",
31,"Score(precision=0.8782608695652174, recall=0.8938053097345132, fmeasure=0.8859649122807017)","Score(precision=0.9043478260869565, recall=0.9285714285714286, fmeasure=0.9162995594713658)","Score(precision=0.8260869565217391, recall=0.9313725490196079, fmeasure=0.8755760368663595)","Score(precision=0.8347826086956521, recall=0.8135593220338984, fmeasure=0.8240343347639484)","Score(precision=0.9304347826086956, recall=0.9469026548672567, fmeasure=0.9385964912280702)","Score(precision=0.8608695652173913, recall=0.8608695652173913, fmeasure=0.8608695652173913)","Score(precision=0.7652173913043478, recall=0.8461538461538461, fmeasure=0.8036529680365295)","Score(precision=0.8434782608695652, recall=0.8584070796460177, fmeasure=0.8508771929824561)","Score(precision=0.8608695652173913, recall=0.908256880733945, fmeasure=0.8839285714285715)","Score(precision=0.8956521739130435, recall=0.944954128440367, fmeasure=0.9196428571428571)",
32,"Score(precision=0.835820895522388, recall=0.8615384615384616, fmeasure=0.8484848484848485)","Score(precision=0.8208955223880597, recall=0.8461538461538461, fmeasure=0.8333333333333334)","Score(precision=0.8059701492537313, recall=0.8059701492537313, fmeasure=0.8059701492537313)","Score(precision=0.835820895522388, recall=0.8235294117647058, fmeasure=0.8296296296296296)","Score(precision=0.8805970149253731, recall=0.8676470588235294, fmeasure=0.874074074074074)","Score(precision=0.7611940298507462, recall=0.796875, fmeasure=0.7786259541984732)","Score(precision=0.7611940298507462, recall=0.796875, fmeasure=0.7786259541984732)","Score(precision=0.835820895522388, recall=0.835820895522388, fmeasure=0.835820895522388)","Score(precision=0.8208955223880597, recall=0.859375, fmeasure=0.8396946564885497)","Score(precision=0.9253731343283582, recall=0.9117647058823529, fmeasure=0.9185185185185185)",
33,"Score(precision=0.8157894736842105, recall=0.8611111111111112, fmeasure=0.8378378378378377)","Score(precision=0.7982456140350878, recall=0.8921568627450981, fmeasure=0.8425925925925927)","Score(precision=0.7280701754385965, recall=0.8137254901960784, fmeasure=0.7685185185185186)","Score(precision=0.7807017543859649, recall=0.839622641509434, fmeasure=0.8090909090909092)","Score(precision=0.8333333333333334, recall=0.8796296296296297, fmeasure=0.8558558558558559)","Score(precision=0.7982456140350878, recall=0.7982456140350878, fmeasure=0.7982456140350878)","Score(precision=0.6578947368421053, recall=0.7978723404255319, fmeasure=0.7211538461538463)","Score(precision=0.7719298245614035, recall=0.822429906542056, fmeasure=0.7963800904977376)","Score(precision=0.7631578947368421, recall=0.8613861386138614, fmeasure=0.8093023255813954)","Score(precision=0.8596491228070176, recall=0.8672566371681416, fmeasure=0.8634361233480176)",
34,"Score(precision=0.8358974358974359, recall=0.9005524861878453, fmeasure=0.8670212765957447)","Score(precision=0.8307692307692308, recall=0.8481675392670157, fmeasure=0.839378238341969)","Score(precision=0.8205128205128205, recall=0.8695652173913043, fmeasure=0.8443271767810026)","Score(precision=0.8307692307692308, recall=0.8950276243093923, fmeasure=0.8617021276595745)","Score(precision=0.8205128205128205, recall=0.8290155440414507, fmeasure=0.8247422680412371)","Score(precision=0.8, recall=0.8432432432432433, fmeasure=0.8210526315789475)","Score(precision=0.8102564102564103, recall=0.8359788359788359, fmeasure=0.8229166666666666)","Score(precision=0.8051282051282052, recall=0.8263157894736842, fmeasure=0.8155844155844156)","Score(precision=0.8, recall=0.8666666666666667, fmeasure=0.832)","Score(precision=0.8615384615384616, recall=0.9032258064516129, fmeasure=0.8818897637795274)",
35,"Score(precision=0.8873239436619719, recall=0.9264705882352942, fmeasure=0.906474820143885)","Score(precision=0.8591549295774648, recall=0.9037037037037037, fmeasure=0.8808664259927798)","Score(precision=0.8098591549295775, recall=0.8712121212121212, fmeasure=0.8394160583941607)","Score(precision=0.8732394366197183, recall=0.9051094890510949, fmeasure=0.8888888888888888)","Score(precision=0.8661971830985915, recall=0.8661971830985915, fmeasure=0.8661971830985915)","Score(precision=0.7816901408450704, recall=0.8283582089552238, fmeasure=0.8043478260869564)","Score(precision=0.6901408450704225, recall=0.7903225806451613, fmeasure=0.7368421052631579)","Score(precision=0.823943661971831, recall=0.8666666666666667, fmeasure=0.8447653429602888)","Score(precision=0.8028169014084507, recall=0.8636363636363636, fmeasure=0.832116788321168)","Score(precision=0.9084507042253521, recall=0.9214285714285714, fmeasure=0.9148936170212766)",
36,"Score(precision=0.8742857142857143, recall=0.9107142857142857, fmeasure=0.892128279883382)","Score(precision=0.7828571428571428, recall=0.8253012048192772, fmeasure=0.8035190615835776)","Score(precision=0.7828571428571428, recall=0.8253012048192772, fmeasure=0.8035190615835776)","Score(precision=0.8114285714285714, recall=0.8160919540229885, fmeasure=0.8137535816618912)","Score(precision=0.8057142857142857, recall=0.8597560975609756, fmeasure=0.8318584070796461)","Score(precision=0.7428571428571429, recall=0.8176100628930818, fmeasure=0.7784431137724551)","Score(precision=0.6457142857142857, recall=0.710691823899371, fmeasure=0.6766467065868264)","Score(precision=0.7428571428571429, recall=0.7692307692307693, fmeasure=0.7558139534883722)","Score(precision=0.8057142857142857, recall=0.844311377245509, fmeasure=0.8245614035087719)","Score(precision=0.8571428571428571, recall=0.872093023255814, fmeasure=0.8645533141210374)",
37,"Score(precision=0.8225806451612904, recall=0.85, fmeasure=0.8360655737704918)","Score(precision=0.8064516129032258, recall=0.847457627118644, fmeasure=0.8264462809917354)","Score(precision=0.8387096774193549, recall=0.8253968253968254, fmeasure=0.832)","Score(precision=0.8387096774193549, recall=0.7647058823529411, fmeasure=0.7999999999999999)","Score(precision=0.8225806451612904, recall=0.864406779661017, fmeasure=0.8429752066115702)","Score(precision=0.7419354838709677, recall=0.7540983606557377, fmeasure=0.7479674796747967)","Score(precision=0.6612903225806451, recall=0.7884615384615384, fmeasure=0.719298245614035)","Score(precision=0.8225806451612904, recall=0.8225806451612904, fmeasure=0.8225806451612904)","Score(precision=0.7903225806451613, recall=0.8909090909090909, fmeasure=0.8376068376068375)","Score(precision=0.8064516129032258, recall=0.847457627118644, fmeasure=0.8264462809917354)",
38,"Score(precision=0.8604651162790697, recall=0.8538461538461538, fmeasure=0.8571428571428571)","Score(precision=0.7829457364341085, recall=0.808, fmeasure=0.7952755905511811)","Score(precision=0.8217054263565892, recall=0.8760330578512396, fmeasure=0.848)","Score(precision=0.8217054263565892, recall=0.8617886178861789, fmeasure=0.8412698412698413)","Score(precision=0.875968992248062, recall=0.889763779527559, fmeasure=0.8828125)","Score(precision=0.7829457364341085, recall=0.8145161290322581, fmeasure=0.7984189723320158)","Score(precision=0.7984496124031008, recall=0.8174603174603174, fmeasure=0.807843137254902)","Score(precision=0.8217054263565892, recall=0.8548387096774194, fmeasure=0.8379446640316206)","Score(precision=0.8217054263565892, recall=0.8412698412698413, fmeasure=0.8313725490196078)","Score(precision=0.9069767441860465, recall=0.9069767441860465, fmeasure=0.9069767441860465)",
39,"Score(precision=0.9508196721311475, recall=0.9747899159663865, fmeasure=0.9626556016597511)","Score(precision=0.8934426229508197, recall=0.9316239316239316, fmeasure=0.9121338912133892)","Score(precision=0.9016393442622951, recall=0.9482758620689655, fmeasure=0.9243697478991596)","Score(precision=0.8688524590163934, recall=0.9137931034482759, fmeasure=0.8907563025210085)","Score(precision=0.8852459016393442, recall=0.9152542372881356, fmeasure=0.9)","Score(precision=0.7868852459016393, recall=0.7933884297520661, fmeasure=0.7901234567901234)","Score(precision=0.6885245901639344, recall=0.8, fmeasure=0.7400881057268722)","Score(precision=0.8770491803278688, recall=0.9224137931034483, fmeasure=0.8991596638655462)","Score(precision=0.819672131147541, recall=0.9090909090909091, fmeasure=0.8620689655172413)","Score(precision=0.9180327868852459, recall=0.9411764705882353, fmeasure=0.9294605809128631)",
40,"Score(precision=0.844559585492228, recall=0.9261363636363636, fmeasure=0.8834688346883469)","Score(precision=0.8290155440414507, recall=0.8791208791208791, fmeasure=0.8533333333333334)","Score(precision=0.8497409326424871, recall=0.9162011173184358, fmeasure=0.8817204301075269)","Score(precision=0.8341968911917098, recall=0.9147727272727273, fmeasure=0.8726287262872628)","Score(precision=0.8756476683937824, recall=0.8941798941798942, fmeasure=0.8848167539267016)","Score(precision=0.8134715025906736, recall=0.8770949720670391, fmeasure=0.8440860215053764)","Score(precision=0.7927461139896373, recall=0.8693181818181818, fmeasure=0.8292682926829268)","Score(precision=0.8497409326424871, recall=0.9162011173184358, fmeasure=0.8817204301075269)","Score(precision=0.8652849740932642, recall=0.9226519337016574, fmeasure=0.893048128342246)","Score(precision=0.8911917098445595, recall=0.945054945054945, fmeasure=0.9173333333333333)",
41,"Score(precision=0.8660714285714286, recall=0.8899082568807339, fmeasure=0.8778280542986426)","Score(precision=0.8571428571428571, recall=0.8347826086956521, fmeasure=0.8458149779735682)","Score(precision=0.7589285714285714, recall=0.8762886597938144, fmeasure=0.8133971291866029)","Score(precision=0.8392857142857143, recall=0.8173913043478261, fmeasure=0.8281938325991189)","Score(precision=0.8571428571428571, recall=0.8571428571428571, fmeasure=0.8571428571428571)","Score(precision=0.7410714285714286, recall=0.8137254901960784, fmeasure=0.7757009345794393)","Score(precision=0.7142857142857143, recall=0.7619047619047619, fmeasure=0.7373271889400921)","Score(precision=0.6964285714285714, recall=0.8125, fmeasure=0.75)","Score(precision=0.8660714285714286, recall=0.9065420560747663, fmeasure=0.8858447488584474)","Score(precision=0.9107142857142857, recall=0.9357798165137615, fmeasure=0.9230769230769231)",
42,"Score(precision=0.898876404494382, recall=0.9195402298850575, fmeasure=0.9090909090909091)","Score(precision=0.7303370786516854, recall=0.7831325301204819, fmeasure=0.7558139534883721)","Score(precision=0.8764044943820225, recall=0.9176470588235294, fmeasure=0.896551724137931)","Score(precision=0.8089887640449438, recall=0.8275862068965517, fmeasure=0.8181818181818181)","Score(precision=0.8876404494382022, recall=0.8681318681318682, fmeasure=0.8777777777777778)","Score(precision=0.7303370786516854, recall=0.7738095238095238, fmeasure=0.7514450867052023)","Score(precision=0.7078651685393258, recall=0.8289473684210527, fmeasure=0.7636363636363637)","Score(precision=0.8764044943820225, recall=0.8764044943820225, fmeasure=0.8764044943820225)","Score(precision=0.8314606741573034, recall=0.891566265060241, fmeasure=0.8604651162790697)","Score(precision=0.898876404494382, recall=0.898876404494382, fmeasure=0.898876404494382)",
43,"Score(precision=0.782258064516129, recall=0.8220338983050848, fmeasure=0.8016528925619835)","Score(precision=0.8387096774193549, recall=0.859504132231405, fmeasure=0.8489795918367348)","Score(precision=0.782258064516129, recall=0.8290598290598291, fmeasure=0.8049792531120332)","Score(precision=0.7661290322580645, recall=0.7421875, fmeasure=0.753968253968254)","Score(precision=0.8548387096774194, recall=0.8833333333333333, fmeasure=0.8688524590163934)","Score(precision=0.782258064516129, recall=0.8083333333333333, fmeasure=0.7950819672131147)","Score(precision=0.6935483870967742, recall=0.6991869918699187, fmeasure=0.6963562753036437)","Score(precision=0.8306451612903226, recall=0.8512396694214877, fmeasure=0.8408163265306123)","Score(precision=0.8629032258064516, recall=0.8842975206611571, fmeasure=0.8734693877551021)","Score(precision=0.8387096774193549, recall=0.859504132231405, fmeasure=0.8489795918367348)",
44,"Score(precision=0.8490566037735849, recall=0.9183673469387755, fmeasure=0.8823529411764707)","Score(precision=0.8867924528301887, recall=0.912621359223301, fmeasure=0.8995215311004785)","Score(precision=0.839622641509434, recall=0.8317757009345794, fmeasure=0.8356807511737089)","Score(precision=0.8584905660377359, recall=0.883495145631068, fmeasure=0.8708133971291866)","Score(precision=0.8584905660377359, recall=0.9191919191919192, fmeasure=0.8878048780487805)","Score(precision=0.8018867924528302, recall=0.8095238095238095, fmeasure=0.8056872037914692)","Score(precision=0.7830188679245284, recall=0.8736842105263158, fmeasure=0.8258706467661692)","Score(precision=0.8113207547169812, recall=0.8349514563106796, fmeasure=0.8229665071770335)","Score(precision=0.8113207547169812, recall=0.86, fmeasure=0.8349514563106797)","Score(precision=0.8679245283018868, recall=0.9292929292929293, fmeasure=0.8975609756097561)",
45,"Score(precision=0.8315789473684211, recall=0.9080459770114943, fmeasure=0.8681318681318682)","Score(precision=0.8315789473684211, recall=0.9080459770114943, fmeasure=0.8681318681318682)","Score(precision=0.8315789473684211, recall=0.8876404494382022, fmeasure=0.858695652173913)","Score(precision=0.8315789473684211, recall=0.8977272727272727, fmeasure=0.8633879781420765)","Score(precision=0.8736842105263158, recall=0.9325842696629213, fmeasure=0.9021739130434784)","Score(precision=0.7263157894736842, recall=0.7666666666666667, fmeasure=0.745945945945946)","Score(precision=0.7368421052631579, recall=0.7526881720430108, fmeasure=0.7446808510638299)","Score(precision=0.7578947368421053, recall=0.8571428571428571, fmeasure=0.8044692737430167)","Score(precision=0.8210526315789474, recall=0.9069767441860465, fmeasure=0.861878453038674)","Score(precision=0.8210526315789474, recall=0.8764044943820225, fmeasure=0.8478260869565217)",
46,"Score(precision=0.8475609756097561, recall=0.9144736842105263, fmeasure=0.8797468354430381)","Score(precision=0.8536585365853658, recall=0.8860759493670886, fmeasure=0.8695652173913043)","Score(precision=0.7682926829268293, recall=0.8289473684210527, fmeasure=0.7974683544303798)","Score(precision=0.8170731707317073, recall=0.8758169934640523, fmeasure=0.8454258675078864)","Score(precision=0.8902439024390244, recall=0.9419354838709677, fmeasure=0.9153605015673981)","Score(precision=0.7987804878048781, recall=0.891156462585034, fmeasure=0.842443729903537)","Score(precision=0.75, recall=0.7784810126582279, fmeasure=0.763975155279503)","Score(precision=0.7804878048780488, recall=0.8533333333333334, fmeasure=0.8152866242038218)","Score(precision=0.8353658536585366, recall=0.8726114649681529, fmeasure=0.8535825545171339)","Score(precision=0.8353658536585366, recall=0.9256756756756757, fmeasure=0.8782051282051282)",
47,"Score(precision=0.9441340782122905, recall=0.9602272727272727, fmeasure=0.952112676056338)","Score(precision=0.9162011173184358, recall=0.8913043478260869, fmeasure=0.9035812672176308)","Score(precision=0.9106145251396648, recall=0.8956043956043956, fmeasure=0.9030470914127424)","Score(precision=0.9273743016759777, recall=0.9222222222222223, fmeasure=0.924791086350975)","Score(precision=0.9217877094972067, recall=0.9269662921348315, fmeasure=0.9243697478991597)","Score(precision=0.8379888268156425, recall=0.8620689655172413, fmeasure=0.8498583569405098)","Score(precision=0.7653631284916201, recall=0.8353658536585366, fmeasure=0.7988338192419825)","Score(precision=0.9441340782122905, recall=0.9337016574585635, fmeasure=0.9388888888888889)","Score(precision=0.88268156424581, recall=0.8926553672316384, fmeasure=0.8876404494382022)","Score(precision=0.9608938547486033, recall=0.9555555555555556, fmeasure=0.958217270194986)",
48,"Score(precision=0.7909604519774012, recall=0.8695652173913043, fmeasure=0.8284023668639052)","Score(precision=0.8192090395480226, recall=0.838150289017341, fmeasure=0.8285714285714286)","Score(precision=0.8361581920903954, recall=0.8457142857142858, fmeasure=0.8409090909090908)","Score(precision=0.8531073446327684, recall=0.9096385542168675, fmeasure=0.880466472303207)","Score(precision=0.8248587570621468, recall=0.8021978021978022, fmeasure=0.8133704735376045)","Score(precision=0.7796610169491526, recall=0.7976878612716763, fmeasure=0.7885714285714286)","Score(precision=0.7401129943502824, recall=0.7616279069767442, fmeasure=0.7507163323782234)","Score(precision=0.8305084745762712, recall=0.8596491228070176, fmeasure=0.8448275862068966)","Score(precision=0.8248587570621468, recall=0.874251497005988, fmeasure=0.8488372093023255)","Score(precision=0.8926553672316384, recall=0.88268156424581, fmeasure=0.8876404494382022)",
49,"Score(precision=0.8382352941176471, recall=0.926829268292683, fmeasure=0.8803088803088803)","Score(precision=0.8602941176470589, recall=0.8666666666666667, fmeasure=0.8634686346863468)","Score(precision=0.8529411764705882, recall=0.8656716417910447, fmeasure=0.8592592592592593)","Score(precision=0.8602941176470589, recall=0.8863636363636364, fmeasure=0.873134328358209)","Score(precision=0.8676470588235294, recall=0.9147286821705426, fmeasure=0.8905660377358491)","Score(precision=0.8014705882352942, recall=0.8790322580645161, fmeasure=0.8384615384615385)","Score(precision=0.7794117647058824, recall=0.8907563025210085, fmeasure=0.8313725490196079)","Score(precision=0.8161764705882353, recall=0.8283582089552238, fmeasure=0.8222222222222222)","Score(precision=0.8235294117647058, recall=0.896, fmeasure=0.8582375478927202)","Score(precision=0.8970588235294118, recall=0.9384615384615385, fmeasure=0.9172932330827067)",
50,"Score(precision=0.8461538461538461, recall=0.9322033898305084, fmeasure=0.8870967741935484)","Score(precision=0.8461538461538461, recall=0.7971014492753623, fmeasure=0.8208955223880597)","Score(precision=0.9076923076923077, recall=0.921875, fmeasure=0.9147286821705427)","Score(precision=0.8615384615384616, recall=0.875, fmeasure=0.8682170542635659)","Score(precision=0.9230769230769231, recall=0.9523809523809523, fmeasure=0.9375)","Score(precision=0.8153846153846154, recall=0.8833333333333333, fmeasure=0.848)","Score(precision=0.8153846153846154, recall=0.8688524590163934, fmeasure=0.8412698412698412)","Score(precision=0.8153846153846154, recall=0.9298245614035088, fmeasure=0.8688524590163934)","Score(precision=0.8153846153846154, recall=0.9137931034482759, fmeasure=0.8617886178861788)","Score(precision=0.9384615384615385, recall=0.953125, fmeasure=0.9457364341085271)",
51,"Score(precision=0.9230769230769231, recall=0.897196261682243, fmeasure=0.9099526066350712)","Score(precision=0.8653846153846154, recall=0.7894736842105263, fmeasure=0.8256880733944955)","Score(precision=0.8365384615384616, recall=0.8365384615384616, fmeasure=0.8365384615384616)","Score(precision=0.9134615384615384, recall=0.9134615384615384, fmeasure=0.9134615384615384)","Score(precision=0.8461538461538461, recall=0.8888888888888888, fmeasure=0.8669950738916256)","Score(precision=0.7788461538461539, recall=0.680672268907563, fmeasure=0.726457399103139)","Score(precision=0.7211538461538461, recall=0.78125, fmeasure=0.7499999999999999)","Score(precision=0.8461538461538461, recall=0.822429906542056, fmeasure=0.8341232227488151)","Score(precision=0.8461538461538461, recall=0.8461538461538461, fmeasure=0.8461538461538461)","Score(precision=0.9038461538461539, recall=0.9215686274509803, fmeasure=0.9126213592233009)",
52,"Score(precision=0.9081632653061225, recall=0.956989247311828, fmeasure=0.9319371727748691)","Score(precision=0.8571428571428571, recall=0.8842105263157894, fmeasure=0.8704663212435233)","Score(precision=0.8571428571428571, recall=0.865979381443299, fmeasure=0.8615384615384615)","Score(precision=0.8469387755102041, recall=0.9540229885057471, fmeasure=0.8972972972972973)","Score(precision=0.7959183673469388, recall=0.8571428571428571, fmeasure=0.8253968253968254)","Score(precision=0.8367346938775511, recall=0.8631578947368421, fmeasure=0.8497409326424872)","Score(precision=0.826530612244898, recall=0.9204545454545454, fmeasure=0.870967741935484)","Score(precision=0.826530612244898, recall=0.8804347826086957, fmeasure=0.8526315789473684)","Score(precision=0.8163265306122449, recall=0.898876404494382, fmeasure=0.8556149732620321)","Score(precision=0.9387755102040817, recall=0.9583333333333334, fmeasure=0.9484536082474228)",
53,"Score(precision=0.8654708520179372, recall=0.8812785388127854, fmeasure=0.8733031674208145)","Score(precision=0.8475336322869955, recall=0.8669724770642202, fmeasure=0.8571428571428572)","Score(precision=0.8071748878923767, recall=0.8333333333333334, fmeasure=0.8200455580865604)","Score(precision=0.852017937219731, recall=0.867579908675799, fmeasure=0.8597285067873304)","Score(precision=0.9013452914798207, recall=0.8973214285714286, fmeasure=0.8993288590604028)","Score(precision=0.7847533632286996, recall=0.8101851851851852, fmeasure=0.7972665148063782)","Score(precision=0.7847533632286996, recall=0.813953488372093, fmeasure=0.7990867579908677)","Score(precision=0.8565022421524664, recall=0.8761467889908257, fmeasure=0.8662131519274376)","Score(precision=0.8475336322869955, recall=0.875, fmeasure=0.8610478359908884)","Score(precision=0.8878923766816144, recall=0.88, fmeasure=0.8839285714285715)",
54,"Score(precision=0.8636363636363636, recall=0.890625, fmeasure=0.8769230769230768)","Score(precision=0.8636363636363636, recall=0.8769230769230769, fmeasure=0.8702290076335878)","Score(precision=0.803030303030303, recall=0.8412698412698413, fmeasure=0.8217054263565892)","Score(precision=0.8333333333333334, recall=0.7857142857142857, fmeasure=0.8088235294117647)","Score(precision=0.9090909090909091, recall=0.8955223880597015, fmeasure=0.9022556390977443)","Score(precision=0.7878787878787878, recall=0.8666666666666667, fmeasure=0.8253968253968254)","Score(precision=0.803030303030303, recall=0.7910447761194029, fmeasure=0.7969924812030075)","Score(precision=0.7878787878787878, recall=0.8125, fmeasure=0.8)","Score(precision=0.8333333333333334, recall=0.9016393442622951, fmeasure=0.8661417322834646)","Score(precision=0.9090909090909091, recall=0.9230769230769231, fmeasure=0.9160305343511451)",
55,"Score(precision=0.941747572815534, recall=0.941747572815534, fmeasure=0.941747572815534)","Score(precision=0.8640776699029126, recall=0.8165137614678899, fmeasure=0.839622641509434)","Score(precision=0.8543689320388349, recall=0.8888888888888888, fmeasure=0.8712871287128712)","Score(precision=0.8640776699029126, recall=0.9081632653061225, fmeasure=0.8855721393034826)","Score(precision=0.8737864077669902, recall=0.9, fmeasure=0.8866995073891626)","Score(precision=0.7766990291262136, recall=0.8163265306122449, fmeasure=0.7960199004975125)","Score(precision=0.6310679611650486, recall=0.7738095238095238, fmeasure=0.6951871657754012)","Score(precision=0.7281553398058253, recall=0.7425742574257426, fmeasure=0.7352941176470589)","Score(precision=0.912621359223301, recall=0.8867924528301887, fmeasure=0.8995215311004785)","Score(precision=0.8543689320388349, recall=0.8712871287128713, fmeasure=0.8627450980392157)",
56,"Score(precision=0.8191489361702128, recall=0.8105263157894737, fmeasure=0.8148148148148148)","Score(precision=0.8936170212765957, recall=0.8484848484848485, fmeasure=0.8704663212435233)","Score(precision=0.9042553191489362, recall=0.8585858585858586, fmeasure=0.8808290155440415)","Score(precision=0.8936170212765957, recall=0.865979381443299, fmeasure=0.8795811518324608)","Score(precision=0.8404255319148937, recall=0.8404255319148937, fmeasure=0.8404255319148938)","Score(precision=0.8085106382978723, recall=0.8085106382978723, fmeasure=0.8085106382978723)","Score(precision=0.8723404255319149, recall=0.8631578947368421, fmeasure=0.8677248677248677)","Score(precision=0.8723404255319149, recall=0.845360824742268, fmeasure=0.8586387434554974)","Score(precision=0.9148936170212766, recall=0.8775510204081632, fmeasure=0.8958333333333333)","Score(precision=0.8723404255319149, recall=0.803921568627451, fmeasure=0.8367346938775511)",
57,"Score(precision=0.8623188405797102, recall=0.9296875, fmeasure=0.8947368421052632)","Score(precision=0.8405797101449275, recall=0.8854961832061069, fmeasure=0.8624535315985131)","Score(precision=0.8478260869565217, recall=0.8540145985401459, fmeasure=0.850909090909091)","Score(precision=0.8043478260869565, recall=0.8604651162790697, fmeasure=0.8314606741573034)","Score(precision=0.8695652173913043, recall=0.8695652173913043, fmeasure=0.8695652173913043)","Score(precision=0.7898550724637681, recall=0.8074074074074075, fmeasure=0.7985347985347986)","Score(precision=0.8043478260869565, recall=0.8809523809523809, fmeasure=0.8409090909090908)","Score(precision=0.8623188405797102, recall=0.9015151515151515, fmeasure=0.8814814814814814)","Score(precision=0.8768115942028986, recall=0.9236641221374046, fmeasure=0.8996282527881041)","Score(precision=0.855072463768116, recall=0.9516129032258065, fmeasure=0.900763358778626)",
58,"Score(precision=0.898876404494382, recall=0.898876404494382, fmeasure=0.898876404494382)","Score(precision=0.8089887640449438, recall=0.782608695652174, fmeasure=0.7955801104972375)","Score(precision=0.8651685393258427, recall=0.9058823529411765, fmeasure=0.8850574712643678)","Score(precision=0.8089887640449438, recall=0.8470588235294118, fmeasure=0.8275862068965517)","Score(precision=0.8876404494382022, recall=0.8977272727272727, fmeasure=0.8926553672316383)","Score(precision=0.7415730337078652, recall=0.7096774193548387, fmeasure=0.7252747252747254)","Score(precision=0.8202247191011236, recall=0.8202247191011236, fmeasure=0.8202247191011236)","Score(precision=0.8426966292134831, recall=0.8928571428571429, fmeasure=0.8670520231213873)","Score(precision=0.8314606741573034, recall=0.8409090909090909, fmeasure=0.8361581920903954)","Score(precision=0.8651685393258427, recall=0.8461538461538461, fmeasure=0.8555555555555556)",
59,"Score(precision=0.8726114649681529, recall=0.8670886075949367, fmeasure=0.8698412698412699)","Score(precision=0.8726114649681529, recall=0.8838709677419355, fmeasure=0.8782051282051283)","Score(precision=0.8535031847133758, recall=0.9054054054054054, fmeasure=0.8786885245901639)","Score(precision=0.821656050955414, recall=0.8431372549019608, fmeasure=0.832258064516129)","Score(precision=0.8853503184713376, recall=0.896774193548387, fmeasure=0.8910256410256411)","Score(precision=0.7770700636942676, recall=0.7973856209150327, fmeasure=0.7870967741935485)","Score(precision=0.7579617834394905, recall=0.8095238095238095, fmeasure=0.7828947368421053)","Score(precision=0.8662420382165605, recall=0.8717948717948718, fmeasure=0.8690095846645368)","Score(precision=0.802547770700637, recall=0.8873239436619719, fmeasure=0.8428093645484951)","Score(precision=0.8471337579617835, recall=0.8866666666666667, fmeasure=0.8664495114006515)",
60,"Score(precision=0.8246753246753247, recall=0.8881118881118881, fmeasure=0.8552188552188552)","Score(precision=0.8051948051948052, recall=0.8322147651006712, fmeasure=0.8184818481848185)","Score(precision=0.7922077922077922, recall=0.8413793103448276, fmeasure=0.8160535117056856)","Score(precision=0.7532467532467533, recall=0.8169014084507042, fmeasure=0.7837837837837838)","Score(precision=0.8051948051948052, recall=0.8611111111111112, fmeasure=0.8322147651006712)","Score(precision=0.7142857142857143, recall=0.7913669064748201, fmeasure=0.750853242320819)","Score(precision=0.7792207792207793, recall=0.8275862068965517, fmeasure=0.802675585284281)","Score(precision=0.7662337662337663, recall=0.8194444444444444, fmeasure=0.7919463087248323)","Score(precision=0.8506493506493507, recall=0.9097222222222222, fmeasure=0.8791946308724832)","Score(precision=0.8246753246753247, recall=0.8639455782312925, fmeasure=0.8438538205980065)",
61,"Score(precision=0.896551724137931, recall=0.9122807017543859, fmeasure=0.9043478260869565)","Score(precision=0.8448275862068966, recall=0.8305084745762712, fmeasure=0.8376068376068375)","Score(precision=0.8448275862068966, recall=0.875, fmeasure=0.8596491228070176)","Score(precision=0.8620689655172413, recall=0.9090909090909091, fmeasure=0.8849557522123893)","Score(precision=0.7931034482758621, recall=0.8070175438596491, fmeasure=0.8)","Score(precision=0.7586206896551724, recall=0.7857142857142857, fmeasure=0.7719298245614034)","Score(precision=0.8103448275862069, recall=0.8545454545454545, fmeasure=0.831858407079646)","Score(precision=0.7758620689655172, recall=0.8181818181818182, fmeasure=0.7964601769911505)","Score(precision=0.8275862068965517, recall=0.8135593220338984, fmeasure=0.8205128205128206)","Score(precision=0.896551724137931, recall=0.8666666666666667, fmeasure=0.8813559322033899)",
62,"Score(precision=0.8294573643410853, recall=0.9145299145299145, fmeasure=0.8699186991869918)","Score(precision=0.8294573643410853, recall=0.8359375, fmeasure=0.8326848249027237)","Score(precision=0.813953488372093, recall=0.9130434782608695, fmeasure=0.860655737704918)","Score(precision=0.8682170542635659, recall=0.8682170542635659, fmeasure=0.8682170542635659)","Score(precision=0.9069767441860465, recall=0.8863636363636364, fmeasure=0.896551724137931)","Score(precision=0.7751937984496124, recall=0.7874015748031497, fmeasure=0.7812500000000001)","Score(precision=0.7674418604651163, recall=0.7983870967741935, fmeasure=0.7826086956521738)","Score(precision=0.8372093023255814, recall=0.8709677419354839, fmeasure=0.8537549407114624)","Score(precision=0.8682170542635659, recall=0.9180327868852459, fmeasure=0.8924302788844621)","Score(precision=0.875968992248062, recall=0.904, fmeasure=0.889763779527559)",
63,"Score(precision=0.893719806763285, recall=0.9685863874345549, fmeasure=0.9296482412060302)","Score(precision=0.8888888888888888, recall=0.9154228855721394, fmeasure=0.9019607843137254)","Score(precision=0.8743961352657005, recall=0.9526315789473684, fmeasure=0.9118387909319899)","Score(precision=0.9033816425120773, recall=0.9033816425120773, fmeasure=0.9033816425120773)","Score(precision=0.893719806763285, recall=0.925, fmeasure=0.9090909090909091)","Score(precision=0.8743961352657005, recall=0.8660287081339713, fmeasure=0.8701923076923077)","Score(precision=0.7729468599033816, recall=0.8743169398907104, fmeasure=0.8205128205128205)","Score(precision=0.8743961352657005, recall=0.8960396039603961, fmeasure=0.8850855745721272)","Score(precision=0.8695652173913043, recall=0.9574468085106383, fmeasure=0.9113924050632912)","Score(precision=0.9130434782608695, recall=0.8957345971563981, fmeasure=0.9043062200956937)",
64,"Score(precision=0.8676470588235294, recall=0.8872180451127819, fmeasure=0.8773234200743495)","Score(precision=0.8602941176470589, recall=0.8602941176470589, fmeasure=0.8602941176470589)","Score(precision=0.8308823529411765, recall=0.889763779527559, fmeasure=0.8593155893536123)","Score(precision=0.8897058823529411, recall=0.9236641221374046, fmeasure=0.9063670411985019)","Score(precision=0.8602941176470589, recall=0.8478260869565217, fmeasure=0.854014598540146)","Score(precision=0.7867647058823529, recall=0.7925925925925926, fmeasure=0.7896678966789669)","Score(precision=0.7426470588235294, recall=0.7769230769230769, fmeasure=0.7593984962406016)","Score(precision=0.8897058823529411, recall=0.8897058823529411, fmeasure=0.8897058823529411)","Score(precision=0.8014705882352942, recall=0.8515625, fmeasure=0.8257575757575757)","Score(precision=0.8676470588235294, recall=0.8613138686131386, fmeasure=0.8644688644688644)",
65,"Score(precision=0.8940397350993378, recall=0.9440559440559441, fmeasure=0.9183673469387755)","Score(precision=0.8675496688741722, recall=0.8733333333333333, fmeasure=0.8704318936877077)","Score(precision=0.9337748344370861, recall=0.9096774193548387, fmeasure=0.9215686274509803)","Score(precision=0.9205298013245033, recall=0.9455782312925171, fmeasure=0.9328859060402686)","Score(precision=0.8807947019867549, recall=0.8807947019867549, fmeasure=0.8807947019867549)","Score(precision=0.8344370860927153, recall=0.8235294117647058, fmeasure=0.8289473684210527)","Score(precision=0.8278145695364238, recall=0.8333333333333334, fmeasure=0.8305647840531561)","Score(precision=0.8874172185430463, recall=0.9115646258503401, fmeasure=0.8993288590604027)","Score(precision=0.9139072847682119, recall=0.8961038961038961, fmeasure=0.9049180327868853)","Score(precision=0.9205298013245033, recall=0.9391891891891891, fmeasure=0.9297658862876255)",
66,"Score(precision=0.8761061946902655, recall=0.9124423963133641, fmeasure=0.8939051918735892)","Score(precision=0.8053097345132744, recall=0.8387096774193549, fmeasure=0.8216704288939052)","Score(precision=0.8849557522123894, recall=0.9174311926605505, fmeasure=0.9009009009009009)","Score(precision=0.8716814159292036, recall=0.933649289099526, fmeasure=0.9016018306636155)","Score(precision=0.8849557522123894, recall=0.91324200913242, fmeasure=0.898876404494382)","Score(precision=0.8628318584070797, recall=0.874439461883408, fmeasure=0.8685968819599109)","Score(precision=0.8407079646017699, recall=0.9090909090909091, fmeasure=0.8735632183908046)","Score(precision=0.8893805309734514, recall=0.9436619718309859, fmeasure=0.9157175398633258)","Score(precision=0.9203539823008849, recall=0.9285714285714286, fmeasure=0.9244444444444444)","Score(precision=0.8893805309734514, recall=0.9262672811059908, fmeasure=0.90744920993228)",
67,"Score(precision=0.7837837837837838, recall=0.8169014084507042, fmeasure=0.8)","Score(precision=0.7972972972972973, recall=0.7195121951219512, fmeasure=0.7564102564102565)","Score(precision=0.7432432432432432, recall=0.7333333333333333, fmeasure=0.738255033557047)","Score(precision=0.7972972972972973, recall=0.7564102564102564, fmeasure=0.7763157894736842)","Score(precision=0.8108108108108109, recall=0.8333333333333334, fmeasure=0.8219178082191781)","Score(precision=0.7702702702702703, recall=0.76, fmeasure=0.7651006711409396)","Score(precision=0.7027027027027027, recall=0.7647058823529411, fmeasure=0.7323943661971832)","Score(precision=0.8243243243243243, recall=0.8133333333333334, fmeasure=0.8187919463087249)","Score(precision=0.7297297297297297, recall=0.7714285714285715, fmeasure=0.75)","Score(precision=0.7972972972972973, recall=0.8082191780821918, fmeasure=0.802721088435374)",
68,"Score(precision=0.90625, recall=0.9354838709677419, fmeasure=0.9206349206349206)","Score(precision=0.81875, recall=0.8562091503267973, fmeasure=0.8370607028753994)","Score(precision=0.88125, recall=0.9096774193548387, fmeasure=0.8952380952380952)","Score(precision=0.85625, recall=0.8616352201257862, fmeasure=0.8589341692789968)","Score(precision=0.875, recall=0.8484848484848485, fmeasure=0.8615384615384615)","Score(precision=0.85, recall=0.8292682926829268, fmeasure=0.8395061728395061)","Score(precision=0.825, recall=0.8354430379746836, fmeasure=0.8301886792452831)","Score(precision=0.84375, recall=0.7894736842105263, fmeasure=0.8157099697885197)","Score(precision=0.875, recall=0.8974358974358975, fmeasure=0.8860759493670887)","Score(precision=0.95, recall=0.9440993788819876, fmeasure=0.9470404984423676)",
69,"Score(precision=0.8559322033898306, recall=0.8859649122807017, fmeasure=0.8706896551724138)","Score(precision=0.8389830508474576, recall=0.853448275862069, fmeasure=0.8461538461538461)","Score(precision=0.864406779661017, recall=0.9026548672566371, fmeasure=0.8831168831168832)","Score(precision=0.9152542372881356, recall=0.9, fmeasure=0.9075630252100839)","Score(precision=0.8728813559322034, recall=0.8956521739130435, fmeasure=0.8841201716738197)","Score(precision=0.8050847457627118, recall=0.8260869565217391, fmeasure=0.8154506437768241)","Score(precision=0.7627118644067796, recall=0.7964601769911505, fmeasure=0.7792207792207791)","Score(precision=0.8135593220338984, recall=0.8205128205128205, fmeasure=0.8170212765957446)","Score(precision=0.923728813559322, recall=0.923728813559322, fmeasure=0.923728813559322)","Score(precision=0.8983050847457628, recall=0.9137931034482759, fmeasure=0.9059829059829059)",
70,"Score(precision=0.8466257668711656, recall=0.9078947368421053, fmeasure=0.8761904761904762)","Score(precision=0.8159509202453987, recall=0.8807947019867549, fmeasure=0.8471337579617834)","Score(precision=0.7300613496932515, recall=0.8814814814814815, fmeasure=0.7986577181208054)","Score(precision=0.7607361963190185, recall=0.8732394366197183, fmeasure=0.8131147540983606)","Score(precision=0.8343558282208589, recall=0.918918918918919, fmeasure=0.8745980707395498)","Score(precision=0.7423312883435583, recall=0.8013245033112583, fmeasure=0.7707006369426751)","Score(precision=0.6871165644171779, recall=0.8057553956834532, fmeasure=0.7417218543046358)","Score(precision=0.7607361963190185, recall=0.8794326241134752, fmeasure=0.8157894736842106)","Score(precision=0.754601226993865, recall=0.9318181818181818, fmeasure=0.8338983050847457)","Score(precision=0.8343558282208589, recall=0.8774193548387097, fmeasure=0.8553459119496855)",
71,"Score(precision=0.863013698630137, recall=0.9264705882352942, fmeasure=0.8936170212765958)","Score(precision=0.8493150684931506, recall=0.8671328671328671, fmeasure=0.8581314878892733)","Score(precision=0.8287671232876712, recall=0.8231292517006803, fmeasure=0.825938566552901)","Score(precision=0.821917808219178, recall=0.8391608391608392, fmeasure=0.8304498269896193)","Score(precision=0.8493150684931506, recall=0.8611111111111112, fmeasure=0.8551724137931035)","Score(precision=0.7602739726027398, recall=0.7254901960784313, fmeasure=0.7424749163879598)","Score(precision=0.773972602739726, recall=0.8692307692307693, fmeasure=0.8188405797101449)","Score(precision=0.8013698630136986, recall=0.8181818181818182, fmeasure=0.809688581314879)","Score(precision=0.821917808219178, recall=0.851063829787234, fmeasure=0.8362369337979093)","Score(precision=0.8493150684931506, recall=0.9117647058823529, fmeasure=0.8794326241134752)",
72,"Score(precision=0.7848101265822784, recall=0.8493150684931506, fmeasure=0.8157894736842105)","Score(precision=0.810126582278481, recall=0.810126582278481, fmeasure=0.810126582278481)","Score(precision=0.759493670886076, recall=0.7894736842105263, fmeasure=0.7741935483870968)","Score(precision=0.7848101265822784, recall=0.8493150684931506, fmeasure=0.8157894736842105)","Score(precision=0.8354430379746836, recall=0.8571428571428571, fmeasure=0.846153846153846)","Score(precision=0.7721518987341772, recall=0.8591549295774648, fmeasure=0.8133333333333335)","Score(precision=0.7468354430379747, recall=0.855072463768116, fmeasure=0.7972972972972974)","Score(precision=0.7468354430379747, recall=0.8309859154929577, fmeasure=0.7866666666666666)","Score(precision=0.6708860759493671, recall=0.803030303030303, fmeasure=0.7310344827586207)","Score(precision=0.7215189873417721, recall=0.7808219178082192, fmeasure=0.7500000000000001)",
73,"Score(precision=0.7272727272727273, recall=0.875, fmeasure=0.7943262411347517)","Score(precision=0.8051948051948052, recall=0.8051948051948052, fmeasure=0.8051948051948051)","Score(precision=0.7792207792207793, recall=0.7792207792207793, fmeasure=0.7792207792207793)","Score(precision=0.7272727272727273, recall=0.7671232876712328, fmeasure=0.7466666666666667)","Score(precision=0.8051948051948052, recall=0.8493150684931506, fmeasure=0.8266666666666668)","Score(precision=0.7272727272727273, recall=0.7466666666666667, fmeasure=0.7368421052631579)","Score(precision=0.6493506493506493, recall=0.7246376811594203, fmeasure=0.684931506849315)","Score(precision=0.8311688311688312, recall=0.8421052631578947, fmeasure=0.8366013071895425)","Score(precision=0.7792207792207793, recall=0.8571428571428571, fmeasure=0.8163265306122449)","Score(precision=0.8831168831168831, recall=0.8717948717948718, fmeasure=0.8774193548387098)",
74,"Score(precision=0.919047619047619, recall=0.9507389162561576, fmeasure=0.9346246973365617)","Score(precision=0.7619047619047619, recall=0.7655502392344498, fmeasure=0.7637231503579952)","Score(precision=0.7761904761904762, recall=0.7442922374429224, fmeasure=0.7599067599067599)","Score(precision=0.9142857142857143, recall=0.9186602870813397, fmeasure=0.9164677804295943)","Score(precision=0.9142857142857143, recall=0.9230769230769231, fmeasure=0.9186602870813396)","Score(precision=0.8428571428571429, recall=0.8428571428571429, fmeasure=0.8428571428571429)","Score(precision=0.8285714285714286, recall=0.8529411764705882, fmeasure=0.8405797101449276)","Score(precision=0.8095238095238095, recall=0.8095238095238095, fmeasure=0.8095238095238095)","Score(precision=0.8952380952380953, recall=0.9215686274509803, fmeasure=0.9082125603864734)","Score(precision=0.8428571428571429, recall=0.8676470588235294, fmeasure=0.855072463768116)",
75,"Score(precision=0.9382716049382716, recall=0.926829268292683, fmeasure=0.9325153374233128)","Score(precision=0.8580246913580247, recall=0.8273809523809523, fmeasure=0.8424242424242424)","Score(precision=0.8395061728395061, recall=0.8395061728395061, fmeasure=0.8395061728395061)","Score(precision=0.8518518518518519, recall=0.8625, fmeasure=0.8571428571428572)","Score(precision=0.8827160493827161, recall=0.89375, fmeasure=0.8881987577639752)","Score(precision=0.8024691358024691, recall=0.7878787878787878, fmeasure=0.7951070336391437)","Score(precision=0.7777777777777778, recall=0.7974683544303798, fmeasure=0.7875)","Score(precision=0.9320987654320988, recall=0.9320987654320988, fmeasure=0.9320987654320988)","Score(precision=0.8888888888888888, recall=0.9171974522292994, fmeasure=0.90282131661442)","Score(precision=0.9382716049382716, recall=0.9382716049382716, fmeasure=0.9382716049382716)",
76,"Score(precision=0.8735632183908046, recall=0.8837209302325582, fmeasure=0.8786127167630059)","Score(precision=0.8850574712643678, recall=0.8651685393258427, fmeasure=0.875)","Score(precision=0.8160919540229885, recall=0.7634408602150538, fmeasure=0.7888888888888889)","Score(precision=0.7931034482758621, recall=0.8214285714285714, fmeasure=0.8070175438596492)","Score(precision=0.8850574712643678, recall=0.8850574712643678, fmeasure=0.8850574712643678)","Score(precision=0.7816091954022989, recall=0.8395061728395061, fmeasure=0.8095238095238094)","Score(precision=0.7241379310344828, recall=0.8076923076923077, fmeasure=0.7636363636363636)","Score(precision=0.8735632183908046, recall=0.8172043010752689, fmeasure=0.8444444444444446)","Score(precision=0.8045977011494253, recall=0.8641975308641975, fmeasure=0.8333333333333334)","Score(precision=0.8850574712643678, recall=0.8850574712643678, fmeasure=0.8850574712643678)",
77,"Score(precision=0.9058823529411765, recall=0.9390243902439024, fmeasure=0.9221556886227545)","Score(precision=0.8705882352941177, recall=0.891566265060241, fmeasure=0.880952380952381)","Score(precision=0.9058823529411765, recall=0.9166666666666666, fmeasure=0.9112426035502958)","Score(precision=0.9529411764705882, recall=0.9204545454545454, fmeasure=0.9364161849710982)","Score(precision=0.8588235294117647, recall=0.8690476190476191, fmeasure=0.863905325443787)","Score(precision=0.8352941176470589, recall=0.8658536585365854, fmeasure=0.8502994011976048)","Score(precision=0.8117647058823529, recall=0.8518518518518519, fmeasure=0.8313253012048193)","Score(precision=0.8705882352941177, recall=0.891566265060241, fmeasure=0.880952380952381)","Score(precision=0.8823529411764706, recall=0.9259259259259259, fmeasure=0.9036144578313252)","Score(precision=0.9647058823529412, recall=0.9425287356321839, fmeasure=0.9534883720930232)",
78,"Score(precision=0.9015151515151515, recall=0.9153846153846154, fmeasure=0.9083969465648855)","Score(precision=0.8181818181818182, recall=0.8307692307692308, fmeasure=0.8244274809160306)","Score(precision=0.8787878787878788, recall=0.8854961832061069, fmeasure=0.8821292775665399)","Score(precision=0.8712121212121212, recall=0.8582089552238806, fmeasure=0.8646616541353385)","Score(precision=0.8787878787878788, recall=0.90625, fmeasure=0.8923076923076922)","Score(precision=0.8181818181818182, recall=0.8307692307692308, fmeasure=0.8244274809160306)","Score(precision=0.7651515151515151, recall=0.8487394957983193, fmeasure=0.8047808764940239)","Score(precision=0.8257575757575758, recall=0.8384615384615385, fmeasure=0.8320610687022901)","Score(precision=0.9090909090909091, recall=0.9090909090909091, fmeasure=0.9090909090909091)","Score(precision=0.9090909090909091, recall=0.916030534351145, fmeasure=0.9125475285171103)",
79,"Score(precision=0.8242424242424242, recall=0.9066666666666666, fmeasure=0.8634920634920634)","Score(precision=0.793939393939394, recall=0.8562091503267973, fmeasure=0.8238993710691823)","Score(precision=0.8363636363636363, recall=0.8518518518518519, fmeasure=0.8440366972477065)","Score(precision=0.8424242424242424, recall=0.8475609756097561, fmeasure=0.8449848024316109)","Score(precision=0.9272727272727272, recall=0.9053254437869822, fmeasure=0.9161676646706586)","Score(precision=0.8121212121212121, recall=0.7928994082840237, fmeasure=0.8023952095808383)","Score(precision=0.6363636363636364, recall=0.7664233576642335, fmeasure=0.695364238410596)","Score(precision=0.793939393939394, recall=0.8397435897435898, fmeasure=0.8161993769470405)","Score(precision=0.793939393939394, recall=0.8562091503267973, fmeasure=0.8238993710691823)","Score(precision=0.8303030303030303, recall=0.8303030303030303, fmeasure=0.8303030303030303)",
80,"Score(precision=0.8901098901098901, recall=0.9310344827586207, fmeasure=0.9101123595505618)","Score(precision=0.8241758241758241, recall=0.872093023255814, fmeasure=0.847457627118644)","Score(precision=0.8461538461538461, recall=0.8953488372093024, fmeasure=0.8700564971751413)","Score(precision=0.8681318681318682, recall=0.9186046511627907, fmeasure=0.8926553672316384)","Score(precision=0.8571428571428571, recall=0.9285714285714286, fmeasure=0.8914285714285715)","Score(precision=0.7692307692307693, recall=0.8433734939759037, fmeasure=0.8045977011494253)","Score(precision=0.7142857142857143, recall=0.7926829268292683, fmeasure=0.7514450867052024)","Score(precision=0.8681318681318682, recall=0.8876404494382022, fmeasure=0.8777777777777778)","Score(precision=0.8461538461538461, recall=0.9166666666666666, fmeasure=0.8799999999999999)","Score(precision=0.9120879120879121, recall=0.9325842696629213, fmeasure=0.9222222222222223)",
81,"Score(precision=0.8526315789473684, recall=0.9101123595505618, fmeasure=0.8804347826086957)","Score(precision=0.8526315789473684, recall=0.8804347826086957, fmeasure=0.8663101604278075)","Score(precision=0.8421052631578947, recall=0.8602150537634409, fmeasure=0.8510638297872339)","Score(precision=0.8736842105263158, recall=0.8924731182795699, fmeasure=0.8829787234042553)","Score(precision=0.8842105263157894, recall=0.9438202247191011, fmeasure=0.9130434782608695)","Score(precision=0.7684210526315789, recall=0.8295454545454546, fmeasure=0.7978142076502732)","Score(precision=0.7263157894736842, recall=0.8214285714285714, fmeasure=0.7709497206703911)","Score(precision=0.8210526315789474, recall=0.8125, fmeasure=0.8167539267015708)","Score(precision=0.8210526315789474, recall=0.8297872340425532, fmeasure=0.8253968253968254)","Score(precision=0.8842105263157894, recall=0.9333333333333333, fmeasure=0.9081081081081082)",
82,"Score(precision=0.88, recall=0.8888888888888888, fmeasure=0.8844221105527638)","Score(precision=0.88, recall=0.8543689320388349, fmeasure=0.8669950738916256)","Score(precision=0.89, recall=0.9081632653061225, fmeasure=0.8989898989898989)","Score(precision=0.87, recall=0.8787878787878788, fmeasure=0.8743718592964824)","Score(precision=0.89, recall=0.9368421052631579, fmeasure=0.9128205128205129)","Score(precision=0.73, recall=0.7448979591836735, fmeasure=0.7373737373737373)","Score(precision=0.75, recall=0.8064516129032258, fmeasure=0.77720207253886)","Score(precision=0.86, recall=0.8958333333333334, fmeasure=0.8775510204081632)","Score(precision=0.87, recall=0.90625, fmeasure=0.8877551020408163)","Score(precision=0.88, recall=0.88, fmeasure=0.88)",
83,"Score(precision=0.8914728682170543, recall=0.9504132231404959, fmeasure=0.9200000000000002)","Score(precision=0.8604651162790697, recall=0.8740157480314961, fmeasure=0.8671875)","Score(precision=0.8682170542635659, recall=0.896, fmeasure=0.8818897637795274)","Score(precision=0.8604651162790697, recall=0.8671875, fmeasure=0.8638132295719845)","Score(precision=0.875968992248062, recall=0.9262295081967213, fmeasure=0.9003984063745021)","Score(precision=0.7984496124031008, recall=0.8803418803418803, fmeasure=0.8373983739837397)","Score(precision=0.689922480620155, recall=0.8165137614678899, fmeasure=0.7478991596638656)","Score(precision=0.875968992248062, recall=0.904, fmeasure=0.889763779527559)","Score(precision=0.9224806201550387, recall=0.9224806201550387, fmeasure=0.9224806201550387)","Score(precision=0.9224806201550387, recall=0.937007874015748, fmeasure=0.9296875)",
84,"Score(precision=0.8712871287128713, recall=0.8380952380952381, fmeasure=0.854368932038835)","Score(precision=0.9405940594059405, recall=0.9223300970873787, fmeasure=0.9313725490196079)","Score(precision=0.8712871287128713, recall=0.822429906542056, fmeasure=0.8461538461538461)","Score(precision=0.8613861386138614, recall=0.8285714285714286, fmeasure=0.8446601941747574)","Score(precision=0.9405940594059405, recall=0.9595959595959596, fmeasure=0.95)","Score(precision=0.7524752475247525, recall=0.8539325842696629, fmeasure=0.7999999999999999)","Score(precision=0.7326732673267327, recall=0.7708333333333334, fmeasure=0.751269035532995)","Score(precision=0.8316831683168316, recall=0.84, fmeasure=0.835820895522388)","Score(precision=0.9108910891089109, recall=0.9108910891089109, fmeasure=0.9108910891089109)","Score(precision=0.9405940594059405, recall=0.9595959595959596, fmeasure=0.95)",
85,"Score(precision=0.9236111111111112, recall=0.9432624113475178, fmeasure=0.9333333333333333)","Score(precision=0.875, recall=0.8936170212765957, fmeasure=0.8842105263157894)","Score(precision=0.9166666666666666, recall=0.8979591836734694, fmeasure=0.9072164948453607)","Score(precision=0.9305555555555556, recall=0.9436619718309859, fmeasure=0.9370629370629372)","Score(precision=0.9027777777777778, recall=0.8904109589041096, fmeasure=0.896551724137931)","Score(precision=0.7986111111111112, recall=0.8214285714285714, fmeasure=0.8098591549295775)","Score(precision=0.7916666666666666, recall=0.8507462686567164, fmeasure=0.8201438848920863)","Score(precision=0.8958333333333334, recall=0.9020979020979021, fmeasure=0.8989547038327526)","Score(precision=0.8958333333333334, recall=0.9347826086956522, fmeasure=0.9148936170212766)","Score(precision=0.9236111111111112, recall=0.9432624113475178, fmeasure=0.9333333333333333)",
86,"Score(precision=0.8714285714285714, recall=0.9104477611940298, fmeasure=0.8905109489051095)","Score(precision=0.8857142857142857, recall=0.9117647058823529, fmeasure=0.8985507246376812)","Score(precision=0.8857142857142857, recall=0.9538461538461539, fmeasure=0.9185185185185185)","Score(precision=0.9, recall=0.9402985074626866, fmeasure=0.9197080291970803)","Score(precision=0.8571428571428571, recall=0.9090909090909091, fmeasure=0.8823529411764706)","Score(precision=0.8285714285714286, recall=0.8529411764705882, fmeasure=0.8405797101449276)","Score(precision=0.8428571428571429, recall=0.9076923076923077, fmeasure=0.8740740740740741)","Score(precision=0.8428571428571429, recall=0.8805970149253731, fmeasure=0.8613138686131387)","Score(precision=0.9285714285714286, recall=0.9420289855072463, fmeasure=0.935251798561151)","Score(precision=0.9571428571428572, recall=0.9710144927536232, fmeasure=0.9640287769784173)",
87,"Score(precision=0.7971014492753623, recall=0.8870967741935484, fmeasure=0.8396946564885496)","Score(precision=0.8695652173913043, recall=0.8823529411764706, fmeasure=0.8759124087591241)","Score(precision=0.8405797101449275, recall=0.8405797101449275, fmeasure=0.8405797101449275)","Score(precision=0.7536231884057971, recall=0.8387096774193549, fmeasure=0.7938931297709925)","Score(precision=0.8405797101449275, recall=0.90625, fmeasure=0.8721804511278196)","Score(precision=0.7971014492753623, recall=0.873015873015873, fmeasure=0.8333333333333334)","Score(precision=0.7391304347826086, recall=0.8793103448275862, fmeasure=0.8031496062992126)","Score(precision=0.8260869565217391, recall=0.9193548387096774, fmeasure=0.8702290076335878)","Score(precision=0.7246376811594203, recall=0.8333333333333334, fmeasure=0.7751937984496124)","Score(precision=0.8695652173913043, recall=0.967741935483871, fmeasure=0.9160305343511451)",
88,"Score(precision=0.8923076923076924, recall=0.9206349206349206, fmeasure=0.90625)","Score(precision=0.8692307692307693, recall=0.9186991869918699, fmeasure=0.8932806324110673)","Score(precision=0.8692307692307693, recall=0.904, fmeasure=0.8862745098039216)","Score(precision=0.8461538461538461, recall=0.8396946564885496, fmeasure=0.842911877394636)","Score(precision=0.9461538461538461, recall=0.924812030075188, fmeasure=0.935361216730038)","Score(precision=0.7615384615384615, recall=0.717391304347826, fmeasure=0.7388059701492536)","Score(precision=0.823076923076923, recall=0.84251968503937, fmeasure=0.8326848249027237)","Score(precision=0.8384615384615385, recall=0.872, fmeasure=0.8549019607843137)","Score(precision=0.8538461538461538, recall=0.8740157480314961, fmeasure=0.8638132295719845)","Score(precision=0.9230769230769231, recall=0.916030534351145, fmeasure=0.9195402298850576)",
89,"Score(precision=0.7341772151898734, recall=0.6823529411764706, fmeasure=0.7073170731707317)","Score(precision=0.7848101265822784, recall=0.8051948051948052, fmeasure=0.7948717948717949)","Score(precision=0.7721518987341772, recall=0.7922077922077922, fmeasure=0.7820512820512822)","Score(precision=0.8734177215189873, recall=0.8734177215189873, fmeasure=0.8734177215189873)","Score(precision=0.8607594936708861, recall=0.9066666666666666, fmeasure=0.8831168831168831)","Score(precision=0.6582278481012658, recall=0.6842105263157895, fmeasure=0.6709677419354839)","Score(precision=0.6329113924050633, recall=0.6944444444444444, fmeasure=0.662251655629139)","Score(precision=0.8354430379746836, recall=0.8461538461538461, fmeasure=0.840764331210191)","Score(precision=0.8227848101265823, recall=0.7926829268292683, fmeasure=0.8074534161490684)","Score(precision=0.7974683544303798, recall=0.7590361445783133, fmeasure=0.7777777777777778)",
90,"Score(precision=0.8260869565217391, recall=0.9047619047619048, fmeasure=0.8636363636363636)","Score(precision=0.8405797101449275, recall=0.8656716417910447, fmeasure=0.8529411764705882)","Score(precision=0.8695652173913043, recall=0.9090909090909091, fmeasure=0.888888888888889)","Score(precision=0.8115942028985508, recall=0.8484848484848485, fmeasure=0.8296296296296296)","Score(precision=0.8985507246376812, recall=0.8985507246376812, fmeasure=0.8985507246376812)","Score(precision=0.7681159420289855, recall=0.7910447761194029, fmeasure=0.7794117647058824)","Score(precision=0.7536231884057971, recall=0.8524590163934426, fmeasure=0.8)","Score(precision=0.8405797101449275, recall=0.9508196721311475, fmeasure=0.8923076923076922)","Score(precision=0.8985507246376812, recall=0.8985507246376812, fmeasure=0.8985507246376812)","Score(precision=0.8695652173913043, recall=0.9375, fmeasure=0.9022556390977444)",
91,"Score(precision=0.935064935064935, recall=0.9473684210526315, fmeasure=0.9411764705882352)","Score(precision=0.9090909090909091, recall=0.8974358974358975, fmeasure=0.9032258064516129)","Score(precision=0.8961038961038961, recall=0.9078947368421053, fmeasure=0.9019607843137255)","Score(precision=0.9090909090909091, recall=0.8860759493670886, fmeasure=0.8974358974358974)","Score(precision=0.961038961038961, recall=0.961038961038961, fmeasure=0.961038961038961)","Score(precision=0.8181818181818182, recall=0.875, fmeasure=0.8456375838926175)","Score(precision=0.8701298701298701, recall=0.8933333333333333, fmeasure=0.881578947368421)","Score(precision=0.8961038961038961, recall=0.8846153846153846, fmeasure=0.8903225806451613)","Score(precision=0.8441558441558441, recall=0.8904109589041096, fmeasure=0.8666666666666666)","Score(precision=0.961038961038961, recall=0.961038961038961, fmeasure=0.961038961038961)",
92,"Score(precision=0.9074074074074074, recall=0.8828828828828829, fmeasure=0.8949771689497718)","Score(precision=0.9074074074074074, recall=0.9423076923076923, fmeasure=0.9245283018867925)","Score(precision=0.8888888888888888, recall=0.9320388349514563, fmeasure=0.909952606635071)","Score(precision=0.8888888888888888, recall=0.9504950495049505, fmeasure=0.9186602870813396)","Score(precision=0.8333333333333334, recall=0.8108108108108109, fmeasure=0.8219178082191781)","Score(precision=0.8240740740740741, recall=0.8725490196078431, fmeasure=0.8476190476190476)","Score(precision=0.7592592592592593, recall=0.8282828282828283, fmeasure=0.7922705314009661)","Score(precision=0.7962962962962963, recall=0.8865979381443299, fmeasure=0.8390243902439023)","Score(precision=0.8796296296296297, recall=0.8878504672897196, fmeasure=0.883720930232558)","Score(precision=0.9444444444444444, recall=0.9107142857142857, fmeasure=0.9272727272727271)",
93,"Score(precision=0.9014084507042254, recall=0.9142857142857143, fmeasure=0.9078014184397163)","Score(precision=0.9436619718309859, recall=0.9305555555555556, fmeasure=0.9370629370629372)","Score(precision=0.9014084507042254, recall=0.8648648648648649, fmeasure=0.8827586206896552)","Score(precision=0.9577464788732394, recall=0.9855072463768116, fmeasure=0.9714285714285714)","Score(precision=0.9154929577464789, recall=0.9420289855072463, fmeasure=0.9285714285714286)","Score(precision=0.8873239436619719, recall=0.9264705882352942, fmeasure=0.906474820143885)","Score(precision=0.9014084507042254, recall=0.9014084507042254, fmeasure=0.9014084507042254)","Score(precision=0.8732394366197183, recall=0.8985507246376812, fmeasure=0.8857142857142857)","Score(precision=0.9154929577464789, recall=0.9285714285714286, fmeasure=0.921985815602837)","Score(precision=0.9295774647887324, recall=0.9295774647887324, fmeasure=0.9295774647887324)",
94,"Score(precision=0.8690476190476191, recall=0.8795180722891566, fmeasure=0.8742514970059881)","Score(precision=0.8095238095238095, recall=0.8607594936708861, fmeasure=0.834355828220859)","Score(precision=0.7976190476190477, recall=0.8589743589743589, fmeasure=0.8271604938271606)","Score(precision=0.8452380952380952, recall=0.9102564102564102, fmeasure=0.8765432098765431)","Score(precision=0.8095238095238095, recall=0.918918918918919, fmeasure=0.860759493670886)","Score(precision=0.7976190476190477, recall=0.7976190476190477, fmeasure=0.7976190476190477)","Score(precision=0.7738095238095238, recall=0.9154929577464789, fmeasure=0.8387096774193548)","Score(precision=0.8333333333333334, recall=0.8860759493670886, fmeasure=0.8588957055214723)","Score(precision=0.8571428571428571, recall=0.9, fmeasure=0.8780487804878048)","Score(precision=0.9047619047619048, recall=0.9620253164556962, fmeasure=0.9325153374233128)",
